goal,target,indicator,indicator_description,us_fedstats_available,data_source,agency,url,unsd_proposed_tier,possible_custodian
1,"Target   1.1    By 2030, eradicate extreme poverty for all people everywhere, currently measured as people living on less than $1.25 a day.",1.1.1,"1.1.1 Proportion of the population below the international poverty line, disaggregated by sex, age group, employment status and geographical location (urban/rural)",SIMILAR,American Fact Finder,Census,http://www.census.gov/hhes/www/poverty/;http://factfinder.census.gov/faces/nav/jsf/pages/index.xhtml,1,WB
1,"Target   1.2      By 2030, reduce at least by half the proportion of men, women and children of all ages living in poverty in all its dimensions according to national definitions.",1.2.1,"1.2.1 Proportion of the population living below the national poverty line, disaggregated by sex and age group",YES,,Census,http://www.census.gov/hhes/www/poverty/data/incpovhlth/2014/index.html; http://www.census.gov/hhes/www/poverty/;http://factfinder.census.gov/faces/nav/jsf/pages/index.xhtml,1,NSO
1,,1.2.2,"1.2.2 Proportion of men, women and children of all ages living in poverty in all its dimensions according to national definitions",YES,,Census,http://www.census.gov/hhes/www/poverty/data/incpovhlth/2014/index.html; http://www.census.gov/hhes/www/poverty/;http://factfinder.census.gov/faces/nav/jsf/pages/index.xhtml,2,NSO
1,"Target   1.3       Implement nationally appropriate social protection systems and measures for all, including floors, and by 2030 achieve substantial coverage of the poor and the vulnerable.",1.3.1,"1.3.1 Percentage of the population covered by social protection floors/systems, disaggregated by sex, and distinguishing children, the unemployed, old-age persons, persons with disabilities, pregnant women/ newborns, work injury victims, the poor and the vulnerable",SIMILAR,Annual Statistical Supplment to the Social Security Bulletin,ORES,https://www.ssa.gov/policy/docs/statcomps/supplement/index.html,1,ILO
1,"Target   1.4      By 2030, ensure that all men and women, in particular the poor and the vulnerable, have equal rights to economic resources, as well as access to basic services, ownership and control over land and other forms of property, inheritance, natural resources, appropriate new technology and financial services, including microfinance.",1.4.1,1.4.1 Proportion of the population living in households with access to basic services,YES,,CENSUS,,3,"UNEP, ITU, UPU"
1,,1.4.2,"1.4.2: Percentage of people with secure tenure rights to land (out of total adult population), with legally recognized documentation and who perceive their rights rights to land as secure, by sex and by type of tenure"" (Proposed by IFAD and 23 members of the Global Donor Working Group on Land (GDWGL))",YES,,STATE; CENSUS,,3,WB
1,"Target   1.5       By 2030, build the resilience of the poor and those in vulnerable situations and reduce their exposure and vulnerability to climate-related extreme events and other economic, social and environmental shocks and disasters.",1.5.1,"1.5.1* Number of deaths, missing people, injured, relocated or evacuated due to disasters per 100,000 people",OTHER AGENCY,,,,2,UNI SDR
1,,1.5.2,1.5.2 Direct disaster economic loss in relation to global gross domestic product,,,,,2,UNI SDR
1,,1.5.3,1.5.3 Number of countries with national and local disaster risk reduction strategies,,,,,2,UNI SDR
1,"Target   1.a      Ensure significant mobilization of resources from a variety of sources, including through enhanced development cooperation, in order to provide adequate and predictable means for developing countries, in particular least developed countries, to implement programmes and policies to end poverty in all its dimensions.",1.a.1,1.a.1 Percentage of resources allocated by the government directly to poverty reduction programmes,OTHER AGENCY,,,,n/a,n/a
1,,1.a.2,"1.a.2 Spending on essential services (education, health and social protection) as a percentage of total government spending",OTHER AGENCY,,,,3,
1,"Target   1.b      Create sound policy frameworks at the national, regional and international levels, based on pro-poor and gender sensitive development strategies, to support accelerated investment in poverty eradication actions.",1.b.1,"1.b.1: Share of government recurrent and capital spending going to sectors that disproportionately benefit women, poor and vulnerable groups (%)""",YES,,STATE,,3,
2,"Target   2.1       By 2030, end hunger and ensure access by all people, in particular the poor and people in vulnerable situations, including infants, to safe, nutritious and sufficient food all year round.",2.1.1,2.1.1 Prevalence of undernourishment,YES,,NASS; CENSUS,,1,FAO
2,,2.1.2,"2.1.2 Prevalence of moderate or severe food insecurity in the population, based on the Food Insecurity Experience Scale (FIES)",SIMILAR,,CENSUS; ERS,,1,FAO
2,"Target   2.2      By 2030, end all forms of malnutrition, including achieving, by 2025, the internationally agreed targets on stunting and wasting in children under 5 years of age, and address the nutritional needs of adolescent girls, pregnant and lactating women and older persons.",2.2.1,2.2.1 Prevalence of stunting (height for age <-2 standard deviation from the median of the World Health Organization (WHO) Child Growth Standards) among children under 5 years of age,OTHER AGENCY,,,,1,UNICEF
2,,2.2.2,"2.2.2 Prevalence of malnutrition (weight for height >+2 or <-2 standard deviation from the median of the WHO Child Growth Standards) among children under 5, disaggregated by type (wasting and overweight)",OTHER AGENCY,,,,1,UNICEF
2,"Target   2.3       By 2030, double the agricultural productivity and incomes of small-scale food producers, in particular women, indigenous peoples, family farmers, pastoralists and fishers, including through secure and equal access to land, other productive resources and inputs, knowledge, financial services, markets and opportunities for value addition and non-farm employment.",2.3.1,2.3.1 Volume of production per labour unit by classes of farming/pastoral/forestry enterprise size,YES,ARMS,NASS; WAOB ,,3,FAO
2,,2.3.2,"2.3.2 Average income of small scale food producers, by sex and indigenous status.",YES,ARMS,NASS,,3,FAO
2,"Target   2.4      By 2030, ensure sustainable food production systems and implement resilient agricultural practices that increase productivity and production, that help maintain ecosystems, that strengthen capacity for adaptation to climate change, extreme weather, drought, flooding and other disasters and that progressively improve land and soil quality.",2.4.1,2.4.1 Percentage of agricultural area under productive and sustainable agriculture,YES,Census of Agriculture,NASS; WAOB,,3,FAO
2,"Target   2.5      By 2020, maintain the genetic diversity of seeds, cultivated plants and farmed and domesticated animals and their related wild species, including through soundly managed and diversified seed and plant banks at the national, regional and international levels, and ensure access to and fair and equitable sharing of benefits arising from the utilization of genetic resources and associated traditional knowledge, as internationally agreed.",2.5.1,2.5.1. Number of plant and animal genetic resources for food and agriculture secured in either medium or long term conservation facilities,SIMILAR,,,,3,FAO
2,,2.5.2,"2.5.2. Percentage of breeds, classified as being at risk, not at risk, or unknown level of risk of extinction",OTHER AGENCY,,,,2,FAO
2,"Target   2.a      Increase investment, including through enhanced international cooperation, in rural infrastructure, agricultural research and extension services, technology development and plant and livestock gene banks in order to enhance agricultural productive capacity in developing countries, in particular least developed countries.",2.a.1,2.a.1. The Agriculture Orientation Index (AOI) for Government Expenditures,OTHER AGENCY,,,,1,FAO
2,,2.a.2,2.a.2. Total official flows (official development assistance plus other official flows) to the agriculture sector,YES,,STATE,,1,OECD
2,"Target   2.b      Correct and prevent trade restrictions and distortions in world agricultural markets, including through the parallel elimination of all forms of agricultural export subsidies and all export measures with equivalent effect, in accordance with the mandate of the Doha Development Round.",2.b.1,2.b.1 Producer Support Estimate,unknown,,,,2,OECD
2,,2.b.2,2.b.2 Agricultural export subsidies,OTHER AGENCY,,,,1,WTO
2,"Target   2.c      Adopt measures to ensure the proper functioning of food commodity markets and their derivatives and facilitate timely access to market information, including on food reserves, in order to help limit extreme food price volatility.",2.c.1,2.c.1: Indicator of (food) Price Anomalies (IPA),YES,,NASS; WAOB,,3,FAO
3,"Target   3.1       By 2030, reduce the global maternal mortality ratio to less than 70 per 100,000 live births.",3.1.1,"3.1.1 Maternal deaths per 100,000 live births",YES,National Vital Statistics System,NCHS,https://www.census.gov/population/international/training/measuring-maternal-mortality.pdf,2,WHO
3,,3.1.2,3.1.2 Proportion of births attended by skilled health personnel,YES,National Vital Statistics System,NCHS,,1,UNICEF
3,"Target   3.2      By 2030, end preventable deaths of newborns and children under 5 years of age, with all countries aiming to reduce neonatal mortality to at least as low as 12 per 1,000 live births and under-5 mortality to at least as low as 25 per 1,000 live births.",3.2.1,"3.2.1 Under-5 mortality rate (deaths per 1,000 live births)",YES,National Vital Statistics System,NCHS,,1,UNICEF
3,,3.2.2,"3.2.2 Neonatal mortality rate (deaths per 1,000 live births)",YES,National Vital Statistics System,NCHS,,1,UNICEF
3,"Target   3.3       By 2030, end the epidemics of AIDS, tuberculosis, malaria and neglected tropical diseases and combat hepatitis, water-borne diseases and other communicable diseases.",3.3.1,"3.3.1 Number of new HIV infections per 1,000 uninfected population (by age group, sex and key populations)",YES,National Reportable Disease Reporting,CDC; NCHS,,1,UNAIDS
3,,3.3.2,"3.3.2 Tuberculosis incidence per 1,000 persons per year",YES,National Reportable Disease Reporting,CDC; NCHS,,1,WHO
3,,3.3.3,"3.3.3 Malaria incident cases per 1,000 persons per year",OTHER AGENCY,,,,1,WHO
3,,3.3.4,"3.3.4 Number of new hepatitis B infections per 100,000 population in a given year",YES,National Noltificable Disease Reporting,CDC; NCHS,,2,WHO
3,,3.3.5,3.3.5 Number of people requiring interventions against neglected tropical diseases,SIMILAR,,USAID,,1,WHO
3,"Target   3.4       By 2030, reduce by one third premature mortality from non-communicable diseases through prevention and treatment and promote mental health and well being.",3.4.1,"3.4.1 Mortality of cardiovascular disease, cancer, diabetes or chronic respiratory disease",YES,Natoinal Vital Statistics System,"NCHS, USAID",,2,WHO
3,,3.4.2,3.4.2 Suicide mortality rate,YES,National Vital Statistics System,NCHS,,2,WHO
3,"Target   3.5       Strengthen the prevention and treatment of substance abuse, including narcotic drug abuse and harmful use of alcohol",3.5.1,"3.5.1 Coverage of treatment interventions (pharmacological, psychosocial and rehabilitation and aftercare services) for substance use disorders",OTHER AGENCY,,,,3,WHO UNODC
3,,3.5.2,"3.5.2 Harmful use of alcohol, defined according to the national context as alcohol per capita consumption (aged 15 years and older) within a calendar year in litres of pure alcohol",OTHER AGENCY,,,,1,WHO
3,"Target   3.6       By 2020, halve the number of global deaths and injuries from road traffic accidents",3.6.1,"3.6.1 Number of road traffic fatal injury deaths within 30 days, per 100,000 population (age-standardized)",YES,National Vital Statistics System,NCHS,,1,WHO
3,"Target   3.7       By 2030, ensure universal access to sexual and reproductive health-care services, including for family planning, information and education, and the integration of reproductive health into national strategies and programmes.",3.7.1,3.7.1 Percentage of women of reproductive age (aged 15-49) who have their need for family planning satisfied with modern methods,SIMILAR,National Vital Statistics System,NCHS,,1,DESAAP
3,,3.7.2,"3.7.2 Adolescent birth rate (aged 10-14; aged 15-19) per 1,000 women in that age group",YES,National Vital Statistics System,NCHS; CENSUS,,1,DESAAP
3,"Target   3.8      Achieve universal health coverage, including financial risk protection, access to quality essential health-care services and access to safe, effective, quality and affordable essential medicines and vaccines for all.",3.8.1,"3.8.1. Coverage of essential health services. (The universal health coverage serices index is defined as the average coverage of essential services based on tracer interventions that include reproductive, maternal, newborn, and child health, infectious diseases, concommunicable diseases and service capacity and access among the general and the most disadvantaged population.)",YES,,CENSUS,,3,WHO
3,,3.8.2,"3.8.2 Number of people covered by health insurance or a public health system per 1000 population""",YES,,CENSUS,,3,WHO
3,"Target   3.9      By 2030, substantially reduce the number of deaths and illnesses from hazardous chemicals and air, water and soil pollution and contamination.",3.9.1,3.9.1 Mortality rate attributed to household and ambient air pollution,OTHER AGENCY,Benefits and Costs of the Clear Air Act 1990-2020,EPA,http://www.epa.gov/clean-air-act-overview/benefits-and-costs-clean-air-act-1990-2020-second-prospective-study,1,WHO
3,,3.9.2,"3.9.2. Mortality rate attributed to unsafe water, unsafe sanitation and lack of hygiene (exposure to unsafe WASH services).",OTHER AGENCY,,,,2,WHO
3,,,3.9.3 Mortalitty rate attributed to unintentional poisoning.,YES,National Vital Statistics System,NCHS,,2,WHO
3,"Target   3.a       Strengthen the implementation of the World Health Organization Framework Convention on Tobacco Control in all countries, as appropriate.",3.a.1,3.a.1 Age-standardized prevalence of current tobacco use among persons aged 15 years and older,YES,,NCHS,,1,WHO
3,"Target   3.b      Support the research and development of vaccines and medicines for the communicable and non-communicable diseases that primarily affect developing countries, provide access to affordable essential medicines and vaccines, in accordance with the Doha Declaration on the TRIPS Agreement and Public Health, which affirms the right of developing countries to use to the full the provisions in the Agreement on Trade-Related Aspects of Intellectual Property Rights regarding flexibilities to protect public health, and, in particular, provide access to medicines for all.",3.b.1,3.b.1 Proportion of the population with access to affordable medicines and vaccines on a sustainable basis,SIMILAR,,Census;NCHS,https://www.census.gov/topics/health.html,,WHO
3,,3.b.2,3.b.2 Total net official development assistance to the medical research and basic health sectors,OTHER AGENCY,,Census,https://www.census.gov/topics/health.html,1,OECD
3,"Target   3.c       Substantially increase health financing and the recruitment, development, training and retention of the health workforce in developing countries, especially in least developed countries and small island developing States.",3.c.1,3.c.1 Health worker density and distribution,YES,,Census,https://www.census.gov/topics/health.html,1,WHO
3,"Target   3.d       Strengthen the capacity of all countries, in particular developing countries, for early warning, risk reduction and management of national and global health risks.",3.d.1,3.d.1 Percentage of attributes of 13 core capacities that have been attained at a specific point in time,OTHER AGENCY,,,,2,WHO
4,"Target   4.1       By 2030, ensure that all girls and boys complete free, equitable and quality primary and secondary education leading to relevant and effective learning outcomes.",4.1.1,4.1.1 Percentage of children/young people: (a) in grades 2/3; (b) at the end of primary; and (c) at the end of lower secondary achieving at least a minimum proficiency level in (i) reading and (ii) mathematics.,YES,ECLS & NAEP,IES; CENSUS,http://nces.ed.gov/nationsreportcard/ and http://nces.ed.gov/ecls/; http://www2.ed.gov/rschstat/landing.jhtml?src=ft,3,UNESCO
4,"Target   4.2       By 2030, ensure that all girls and boys have access to quality early childhood development, care and pre-primary education so that they are ready for primary education.",4.2.1,"4.2.1 Percentage of children under 5 years of age who are developmentally on track in health, learning and psychosocial well-being.",YES,ECLS  ,IES; CENSUS,http://nces.ed.gov/ecls/; http://www2.ed.gov/rschstat/landing.jhtml?src=ft,2,UNICEF
4,,4.2.2,4.2.2 Participation rate in organized learning (one year before the official primary entry age),YES,CPS,NCES; CENSUS,http://nces.ed.gov/programs/digest/d14/tables/dt14_202.10.asp?current=yes; http://www2.ed.gov/rschstat/landing.jhtml?src=ft,1,UNESCO
4,"Target   4.3       By 2030, ensure equal access for all women and men to affordable and quality technical, vocational and tertiary education, including university",4.3.1,4.3.1 Participation rate of youth and adults in formal and non-formal education and training in the last 12 months,YES,,NHES; CENSUS,http://nces.ed.gov/nhes/surveytopics_adult.asp; http://www2.ed.gov/rschstat/landing.jhtml?src=ft,2,UNESCO
4,"Target   4.4       By 2030, substantially increase the number of youth and adults who have relevant skills, including technical and vocational skills, for employment, decent jobs and entrepreneurship",4.4.1,4.4.1 Percentage of youth/adults with information and communications technology (ICT) skills by type of skill,YES,PIACC,NCES; CENSUS,http://nces.ed.gov/surveys/piaac/; https://www.census.gov/topics/education.html,2,UNESCO
4,"Target   4.5       By 2030, eliminate gender disparities in education and ensure equal access to all levels of education and vocational training for the vulnerable, including persons with disabilities, indigenous peoples and children in vulnerable situations.",4.5.1,"4.5.1 Parity indices (female/male, rural/urban, bottom/top wealth quintile and others such as disability status, indigenous people and conflict-affected as data become available) for all indicators on this list that can be disaggregated",YES,,NCES,http://nces.ed.gov/programs/coe/,1/2/3,UNESCO
4,"Target   4.6       By 2030, ensure that all youth and a substantial proportion of adults, both men and women, achieve literacy and numeracy.",4.6.1,4.6.1 Percentage of population in a given age group achieving at least a fixed level of proficiency in functional (a) literacy and (b) numeracy skills.,YES,PIACC,NCES; IES,nces.ed.gov/surveys/piaac/; https://www.census.gov/topics/education.html,2,UNESCO
4,"Target   4.7       By 2030, ensure that all learners acquire the knowledge and skills needed to promote sustainable development, including, among others, through education for sustainable development and sustainable lifestyles, human rights, gender equality, promotion of a culture of peace and non-violence, global citizenship and appreciation of cultural diversity and of culture's contribution to sustainable development.",4.7.1,"4.7.1 Extent to which (i) global citizenship education, (ii) education for sustainable development including gender equality and human rights, are mainstreamed at all levels in (a) national education policies (b) curricula (c) teacher education and (d) student assessmentÓ",OTHER AGENCY,PISA,NCES,http://nces.ed.gov/surveys/pisa/; https://www.census.gov/topics/education.html,3,UNESCO
4,"Target   4.a      Build and upgrade education facilities that are child, disability and gender sensitive and provide safe, non-violent, inclusive and effective learning environments for all",4.a.1,"4.a.1 Percentage of schools with access to: (a) electricity; (b) the Internet for pedagogical purposes; (c) computers for pedagogical purposes; (d) adapted infrastructure and materials for students with disabilities; (e) single-sex basic sanitation facilities; and (f) basic handwashing facilities (as per the Water, Sanitation and Hygiene for All (WASH) indicator definitions)",OTHER AGENCY,FRSS,NCES,http://nces.ed.gov/surveys/frss/,1/2,UNESCO
4,"Target   4.b      By 2020, substantially expand globally the number of scholarships available to developing countries, in particular least developed countries, small island developing States and African countries, for enrolment in higher education, including vocational training and information and communications technology, technical, engineering and scientific programmes, in developed countries and other developing countries.",4.b.1,4.b.1 Volume of official development assistance flows for scholarships by sector and type of study,OTHER AGENCY,,,,1,OECD
4,"Target   4.c        By 2030, substantially increase the supply of qualified teachers, including through international cooperation for teacher training in developing countries, especially least developed countries and small island developing States",4.c.1,4.c.1 Percentage of teachers in: (a) pre-primary; (b) primary; (c) lower secondary; and (d) upper secondary education who have received at least the minimum organized teacher training (e.g. pedagogical training) pre-service or in-service required for teaching at the relevant level in a given country.,OTHER AGENCY,SASS,NCES; IES,http://nces.ed.gov/surveys/sass/,1,UNESCO
5,Target   5.1       End all forms of discrimination against all women and girls everywhere.,5.1.1,"5.1.1 Whether or not legal frameworks are in place to promote, enforce and monitor equality and non-discrimination on the basis of sex",OTHER AGENCY,,EEOC,http://www.eeoc.gov/eeoc/statistics/,3,UN WOMEN
5,"Target   5.2       Eliminate all forms of violence against all women and girls in the public and private spheres, including trafficking and sexual and other types of exploitation.",5.2.1,"5.2.1 Proportion of ever-partnered women and girls aged 15 years and older subjected to physical, sexual or psychological violence by a current or former intimate partner, in the last 12 months, by form of violence and by age group",OTHER AGENCY,,EEOC,http://www.eeoc.gov/eeoc/statistics/,2,UNICEF
5,,5.2.2,"5.2.2 Proportion of women and girls aged 15 years and older subjected to sexual violence by persons other than an intimate partner, in the last 12 months, by age group and place of occurrence",OTHER AGENCY,,FBI,https://www.fbi.gov/stats-services/crimestats,2,UNICEF
5,"Target   5.3       Eliminate all harmful practices, such as child, early and forced marriage and female genital mutilation.",5.3.1,5.3.1 Percentage of women aged 20-24 who were married or in a union before age 15 and before age 18,SIMILAR,,CENSUS,,1,UNICEF
5,,5.3.2,"5.3.2 Percentage of girls and women aged 15-49 who have undergone female genital mutilation/cutting, by age group",unknown,,,,1,UNICEF
5,"Target   5.4       Recognize and value unpaid care and domestic work through the provision of public services, infrastructure and social protection policies and the promotion of shared responsibility within the household and the family as nationally appropriate.",5.4.1,"5.4.1 Percentage of time spent on unpaid domestic and care work, by sex, age group and location",OTHER AGENCY,,,,2,UN WOMEN
5,"Target   5.5      Ensure women's full and effective participation and equal opportunities for leadership at all levels of decision-making in political, economic and public life.",5.5.1,5.5.1 Proportion of seats held by women in national parliaments and local governments,SIMILAR,,CENSUS,,1/3,IPU
5,,5.5.2,5.5.2 Proportion of women in managerial positions,YES,,CENSUS,,1,ILO
5,Target   5.6      Ensure universal access to sexual and reproductive health and reproductive rights as agreed in accordance with the Programme of Action of the International Conference on Population and Development and the Beijing Platform for Action and the outcome documents of their review conferences.,5.6.1,"5.6.1 Proportion of women aged 15-49 who make their own informed decisions regarding sexual relations, contraceptive use and reproductive health care",OTHER AGENCY,,,,3,UNFPA
5,,5.6.2,"5.6.2 Number of countries with laws and regulations that guarantee women aged 15-49 access to sexual and reproductive health care, information and education",OTHER AGENCY,,,,3,UNFPA
5,"Target   5.a      Undertake reforms to give women equal rights to economic resources, as well as access to ownership and control over land and other forms of property, financial services, inheritance and natural resources, in accordance with national laws.",5.a.1,"5.a.1 (a) Percentage of people with ownership or secure rights over agricultural land (out of total agricultural population), by sex; and (b) share of women among owners or rights-bearers of agricultural land, by type of tenure",OTHER AGENCY,,,,3,FAO
5,,5.a.2,5.a.2 Percentage of countries where the legal framework (including customary law) guarantees womenÕs equal rights to land ownership and/or control,OTHER AGENCY,,,,3,FAO
5,"Target   5.b       Enhance the use of enabling technology, in particular information and communications technology, to promote the empowerment of women.",5.b.1,"5.b.1 Proportion of individuals who own a mobile telephone, by sex",YES,American Fact Finder,Census,http://factfinder.census.gov/faces/nav/jsf/pages/index.xhtml,2,ITU
5,Target   5.c       Adopt and strengthen sound policies and enforceable legislation for the promotion of gender equality and the empowerment of all women and girls at all levels.,5.c.1,5.c.1 Percentage of countries with systems to track and make public allocations for gender equality and womenÕs empowerment,OTHER AGENCY,,,,3,UN WOMEN
6,"Target   6.1       By 2030, achieve universal and equitable access to safe and affordable drinking water for all.",6.1.1,6.1.1 Percentage of population using safely managed drinking water services,YES,USAID PPRs,USAID; EPA,,1,WHO
6,,6.1.2,6.1.2 Removed,,,,,,
6,"Target   6.2      By 2030, achieve access to adequate and equitable sanitation and hygiene for all and end open defecation, paying special attention to the needs of women and girls and those in vulnerable situations.",6.2.1,"6.2.1 Percentage of population using safely managed sanitation services, including a hand- washing facility with soap and water",YES,,,,1,WHO
6,"Target   6.3      By 2030, improve water quality by reducing pollution, eliminating dumping and minimizing release of hazardous chemicals and materials, halving the proportion of untreated wastewater and substantially increasing recycling and safe reuse globally.",6.3.1,6.3.1 Percentage of wastewater safely treated,YES,USAID PPRs,USAID,,3,UN HABITAT
6,,6.3.2,6.3.2 Percentage of bodies of water with good ambient water quality,YES,USAID PPRs,USAID; EPA,,3,"UNEP, ITU, UPU"
6,"Target   6.4      By 2030, substantially increase water-use efficiency across all sectors and ensure sustainable withdrawals and supply of freshwater to address water scarcity and substantially reduce the number of people suffering from water scarcity.",6.4.1,6.4.1. Change in water use efficiency over time.,YES,US EPA,NRCS; EPA,,3,FAO
6,,6.4.2,"ÒLevel of water stress: freshwater withdrawal in percentage of available freshwater resourcesÓ by FAO, IFAD and UN-Water",SIMILAR,Global Assessment and Analysis on Drinking Water and Sanitation; USGS Water Use Data,USAID; NRCS; EPA; ERS,http://water.usgs.gov/watuse/,1,FAO
6,"Target   6.5       By 2030, implement integrated water resources management at all levels, including through transboundary cooperation as appropriate",6.5.1,6.5.1 Degree of integrated water resources management (IWRM) implementation (0-100),unknown,DOI Bureau of Reclamation WaterSmart Basin Studies,USBR; GS,http://www.usbr.gov/watersmart/bsp/,1,UNEP 
,,,"6.5.2 ÔÔPercentage of transboundary basin area with an operational arrangement for water cooperation"".",unknown,,,,3,UNESCO
6,"Target   6.6       By 2020, protect and restore water-related ecosystems, including mountains, forests, wetlands, rivers, aquifers and lakes.",6.6.1,6.6.1 Percentage of change in the extent of water-related ecosystems over time,SIMILAR,,,,3,UNEP
6,"Target   6.a      By 2030, expand international cooperation and capacity-building support to developing countries in water- and sanitation-related activities and programmes, including water harvesting, desalination, water efficiency, wastewater treatment, recycling and reuse technologies",6.a.1,6.a.1 Amount of water- and sanitation-related official development assistance that is part of a government coordinated spending plan,SIMILAR,USGS Biological Survey for Wetland Extent,NRCS; EPA,,1,OECD
6,Target   6.b       Support and strengthen the participation of local communities in improving water and sanitation management.,6.b.1,6.b.1 Percentage of local administrative units with established and operational policies and procedures for participation of local communities in water and sanitation management,SIMILAR,USDA Rural Development and USEPA Funding Sources; Global Assessment and Analysis on Drinking Water and Sanitation,NRCS; USAID; EPA,http://www.who.int/water_sanitation_health/glaas/en/,1,WHO
7,"Target   7.1        By 2030, ensure universal access to affordable, reliable and modern energy services",7.1.1,7.1.1 Percentage of population with access to electricity,YES,,EHSS; CENSUS,,1,WB
7,,7.1.2,7.1.2 Percentage of population with primary reliance on clean fuels and technology,YES,,EHSS; CENSUS,,1,WHO
7,"Target   7.2        By 2030, increase substantially the share of renewable energy in the global energy mix",7.2.1,7.2.1 Renewable energy share in the total final energy consumption,YES,,EHSS ,,1,WB
7,"Target   7.3        By 2030, double the global rate of improvement in energy efficiency",7.3.1,7.3.1 Energy intensity measured in terms of primary energy and gross domestic product (GDP),YES,,EHSS ,,1,WB
7,"Target   7.a        By 2030, enhance international cooperation to facilitate access to clean energy research and technology, including renewable energy, energy efficiency and advanced and cleaner fossil-fuel technology, and promote investment in energy infrastructure and clean energy technology",7.a.1,7.a.1 Mobilized amount of United States dollars per year starting in 2020 accountable towards the $100 billion commitment,unknown,,,,3,OECD
7,"Target   7.b       By 2030, expand infrastructure and upgrade technology for supplying modern and sustainable energy services for all in developing countries, in particular least developed countries and small island developing States",7.b.1,7.b.1. Investments in energy efficiency as a percentage of GDP and the amount of foreign direct investment in financial transfer for infrastructure and technology to sustainable development services.,SIMILAR,,EHSS,,3,IEA
8,"Target   8.1        Sustain per capita economic growth in accordance with national circumstances and, in particular, at least 7 per cent gross domestic product growth per annum in the least developed countries",8.1.1,8.1.1 Annual growth rate of real GDP per capita,YES,,BEA; CENSUS,http://www.census.gov/economic-indicators/,1,WB
8,"Target   8.2       Achieve higher levels of economic productivity through diversification, technological upgrading and innovation, including through a focus on high-value-added and labour-intensive sectors",8.2.1,8.2.1 Annual growth rate of real GDP per employed person,YES,,BLS OPT;CENSUS,http://www.census.gov/economic-indicators/,1,ILO
8,"Target   8.3       Promote development-oriented policies that support productive activities, decent job creation, entrepreneurship, creativity and innovation, and encourage the formalization and growth of micro-, small- and medium-sized enterprises, including through access to financial services",8.3.1,"8.3.1 Share of informal employment in non-agriculture employment, by sex",SIMILAR,,CENSUS,http://www.census.gov/economic-indicators/,2,ILO
8,"Target   8.4       Improve progressively, through 2030, global resource efficiency in consumption and production and endeavour to decouple economic growth from environmental degradation, in accordance with the 10-year framework of programmes on sustainable consumption and production, with developed countries taking the lead",8.4.1,UNEP proposal: a) Material intensity of production = computed as DMC (domestic material consumption) per GDP_b) Material intensity of consumption = computed as MF (material footprint) per GDP,YES,,BLS OPT; CENSUS; ERS,,2,UNEP
8,,8.4.2,"Domestic material consumption, domestic material consumption per capita, and domestic material consumption per GDP",,,,,2,UNEP
8,"Target   8.5       By 2030, achieve full and productive employment and decent work for all women and men, including for young people and persons with disabilities, and equal pay for work of equal value",8.5.1,"8.5.1 Average hourly earnings of female and male employees, by occupation, age group and persons with disabilities",SIMILAR,CPS and CES,BLS OEUS; CENSUS,http://www.census.gov/economic-indicators/,2,ILO
8,,8.5.2,"8.5.2 Unemployment rate, by sex, age group and persons with disabilities",YES,CPS  ,BLS OEUS; CENSUS,http://www.census.gov/economic-indicators/,1,ILO
8,"Target   8.6        By 2020, substantially reduce the proportion of youth not in employment, education or training",8.6.1,"8.6.1 Percentage of youth (aged 15-24) not in education, employment or training",SIMILAR,CPS,"BLS OEUS, CENSUS",,1,ILO
8,"Target   8.7       Take immediate and effective measures to eradicate forced labour, end modern slavery and human trafficking and secure the prohibition and elimination of the worst forms of child labour, including recruitment and use of child soldiers, and by 2025 end child labour in all its forms.",8.7.1,"8.7.1 Percentage and number of children aged 5-17 engaged in child labour, by sex and age group",YES,,USAID; CENSUS,,1,ILO
8,"Target   8.8        Protect labour rights and promote safe and secure working environments for all workers, including migrant workers, in particular women migrants, and those in precarious employment",8.8.1,"8.8.1 Frequency rates of fatal and non-fatal occupational injuries, by sex and migrant status",YES,CPS and CES,BLS; USAID,,1,ILO
8,,8.8.2,"Increase in national compliance of labour rights (freedom of association and collective bargaining) based on ILO textual sources and national legislation, by sex and migrant status",SIMILAR,,USAID,,1,ILO
8,,8.9.2,"8.9.2 Number of jobs in tourism industries (as % of total jobs and growth rate of jobs, by sex",YES,,"BLS, OEUS, CPS and CES; USAID; CENSUS",http://www.census.gov/economic-indicators/,2,UNWTO
8,"Target   8.10        Strengthen the capacity of domestic financial institutions to encourage and expand access to banking, insurance and financial services for all",8.10.1,"8.10.1 Number of commercial bank branches and automated teller machines (ATMs) per 100,000 adults",SIMILAR,,CENSUS,http://www.census.gov/economic-indicators/,1,IMF UNCDF
8,,8.10.2,8.10.2 Percentage of adults (15 years and older) with an account at a bank or other financial institution or with a mobile money service provider,SIMILAR,,CENSUS,,1,WB
8,"Target   8.a        Increase Aid for Trade support for developing countries, in particular least developed countries, including through the Enhanced Integrated Framework for Trade-Related Technical Assistance to Least Developed Countries",8.a.1,8.a.1 Aid for Trade commitments and disbursements,OTHER AGENCY,,USAID,,1,OECD
8,"Target   8.b         By 2020, develop and operationalize a global strategy for youth employment and implement the Global Jobs Pact of the International Labour Organization",8.b.1,8.b.1 Total government spending in social protection and employment programmes as a percentage of the national budgets and GDP,YES,,CENSUS,,3,ILO
9,"Target   9.1        Develop quality, reliable, sustainable and resilient infrastructure, including regional and transborder infrastructure, to support economic development and human well-being, with a focus on affordable and equitable access for all",9.1.1,9.1.1 Share of the rural population who live within 2 km of an all-season road,SIMILAR,,CENSUS,,3,WB
9,,9.1.2,"9.1.2 Passenger and freight volumes, by mode of transport",SIMILAR,,CENSUS,,1,ICAO
9,"Target   9.2       Promote inclusive and sustainable industrialization and, by 2030, significantly raise industry's share of employment and gross domestic product, in line with national circumstances, and double its share in least developed countries",9.2.1,9.2.1 Manufacturing value added as a percentage of GDP and per capita,YES,,CENSUS,,1,UNIDO
9,,9.2.2,9.2.2 Manufacturing employment as a percentage of total employment,YES,,CENSUS,,1,UNIDO
9,"Target   9.3        Increase the access of small-scale industrial and other enterprises, in particular in developing countries, to financial services, including affordable credit, and their integration into value chains and markets",9.3.1,9.3.1 Percentage share of small-scale industries in total industry value added,YES,,CENSUS,,3,UNIDO
9,,9.3.2,9.3.2 Percentage of small-scale industries with a loan or line of credit,SIMILAR,,CENSUS,,3,UNIDO
9,"Target   9.4       By 2030, upgrade infrastructure and retrofit industries to make them sustainable, with increased resource-use efficiency and greater adoption of clean and environmentally sound technologies and industrial processes, with all countries taking action in accordance with their respective capabilities",9.4.1,9.4.1 CO2 emission per unit of value added,OTHER AGENCY,,,,1,UNIDO
9,"Target   9.5        Enhance scientific research, upgrade the technological capabilities of industrial sectors in all countries, in particular developing countries, including, by 2030, encouraging innovation and substantially increasing the number of research and development workers per 1 million people and public and private research and development spending",9.5.1,9.5.1 Research and development expenditure as a percentage of GDP,YES,,CENSUS; NCSES,www.nsf.gov/statistics/,1,UNESCO
9,,9.5.2,9.5.2 Researchers (in full-time equivalent) per million inhabitants,YES,,CENSUS; NCSES,www.nsf.gov/statistics/,1,UNESCO
9,"Target   9.a        Facilitate sustainable and resilient infrastructure development in developing countries through enhanced financial, technological and technical support to African countries, least developed countries, landlocked developing countries and small island developing States",9.a.1,9.a.1 Total official international support (official development assistance plus other official flows) to infrastructure,OTHER AGENCY,,,,1,OECD
9,"Target   9.b        Support domestic technology development, research and innovation in developing countries, including by ensuring a conducive policy environment for, inter alia, industrial diversification and value addition to commodities",9.b.1,9.b.1 Percentage of medium and high-tech industry value added in total value added,SIMILAR,,CENSUS; NCSES,,2,OECD
9,Target   9.c        Significantly increase access to information and communications technology and strive to provide universal and affordable access to the Internet in least developed countries by 2020,9.c.1,"9.c.1 Percentage of population covered by a mobile network, by technology",SIMILAR,,CENSUS,,1,ITU
10,"Target   10.1        By 2030, progressively achieve and sustain income growth of the bottom 40 per cent of the population at a rate higher than the national average",10.1.1,10.1.1 Growth rates of household expenditure or income per capita among the bottom 40 per cent of the population and the total population,YES,,CENSUS,http://www.census.gov/hhes/www/poverty/,1,WB
10,"Target   10.2        By 2030, empower and promote the social, economic and political inclusion of all, irrespective of age, sex, disability, race, ethnicity, origin, religion or economic or other status",10.2.1,"10.2.1 Proportion of people living below 50 per cent of median income, disaggregated by age group, sex and persons with disabilities",YES,,CENSUS,http://www.census.gov/hhes/www/poverty/,3,WB
10,"Target   10.3       Ensure equal opportunity and reduce inequalities of outcome, including by eliminating discriminatory laws, policies and practices and promoting appropriate legislation, policies and action in this regard",10.3.1,10.3.1 Percentage of the population reporting having personally felt discriminated against or harassed within the last 12 months on the basis of a ground of discrimination prohibited under international human rights law,OTHER AGENCY,,,,3,OHCHR
10,"Target   10.4        Adopt policies, especially fiscal, wage and social protection policies, and progressively achieve greater equality",10.4.1,"10.4.1 Labour share of GDP, comprising wages and social protection transfers",YES,,CENSUS,,1,ILO
10,Target   10.5        Improve the regulation and monitoring of global financial markets and institutions and strengthen the implementation of such regulations,10.5.1,10.5.1.a Financial Soundness Indicators (naming to be redrafted by IMF),OTHER AGENCY,,,,3,IMF
10,"Target   10.6        Ensure enhanced representation and voice for developing countries in decision-making in global international economic and financial institutions in order to deliver more effective, credible, accountable and legitimate institutions",10.6.1,10.6.1 Percentage of members and voting rights of developing countries in international organizations,OTHER AGENCY,,,,1,
10,"Target   10.7        Facilitate orderly, safe, regular and responsible migration and mobility of people, including through the implementation of planned and well-managed migration policies",10.7.1,10.7.1 Recruitment cost borne by employee as a percentage of yearly income earned in country of destination,OTHER AGENCY,,,,3,ILO
10,,10.7.2,10.7.2 The numbe rof countries that have implemented well-manged migration policies,OTHER AGENCY,,,,3,DESA ILO
10,"Target   10.a        Implement the principle of special and differential treatment for developing countries, in particular least developed countries, in accordance with World Trade Organization agreements",10.a.1,10.a.1 Share of tariff lines applied to imports from least developed countries/developing countries with zero-tariff,OTHER AGENCY,,,,1,ITC
10,"Target   10.b        Encourage official development assistance and financial flows, including foreign direct investment, to States where the need is greatest, in particular least developed countries, African countries, small island developing States and landlocked developing countries, in accordance with their national plans and programmes",10.b.1,"10.b.1 Total resource flows for development, disaggregated by recipient and donor countries and type of flow (e.g. official development assistance, foreign direct investment and other flows)",YES,,STATE,,1,OECD
10,"Target   10.c        By 2030, reduce to less than 3 per cent the transaction costs of migrant remittances and eliminate remittance corridors with costs higher than 5 per cent",10.c.1,10.c.1 Remittance costs as a percentage of the amount remitted,OTHER AGENCY,,,,,WB
11,"Target   11.1        By 2030, ensure access for all to adequate, safe and affordable housing and basic services and upgrade slums",11.1.1,"11.1.1 Proportion of urban population living in slums, informal settlements or inadequate housing",SIMILAR,,CENSUS,,1,UNHABITAT
11,"Target   11.2        By 2030, provide access to safe, affordable, accessible and sustainable transport systems for all, improving road safety, notably by expanding public transport, with special attention to the needs of those in vulnerable situations, women, children, persons with disabilities and older persons",11.2.1,"11.2.1 Proportion of the population that has convenient access to public transport, disaggregated by age group, sex and persons with disabilities",SIMILAR,,CENSUS,,2,UNHABITAT
11,"Target   11.3        By 2030, enhance inclusive and sustainable urbanization and capacity for participatory, integrated and sustainable human settlement planning and management in all countries",11.3.1,11.3.1 Ratio of land consumption rate to population growth rate,SIMILAR,,GS,,2,UNHABITAT
11,,11.3.2,"11.3.2. Percentage of cities with direct participation structure of civil society in urban planning and management, which operates regularly and democraticallly.",OTHER AGENCY,,,,3,
11,Target   11.4        Strengthen efforts to protect and safeguard the world's cultural and natural heritage,11.4.1,"11.4.2. Total expenditure (public and private) per capita spent on the preservation, protection and conservation of all cultural and natural heritage, primary disaggregations proposed will include: by tyoe of heritage (cultural, natural, mixed, World Heritage Center designation); by level of government (national, regional, and local/municipal); by type of expenditure: operating expenditure/investment and by type of private funding: donations in kind, private non-profit sector, sponsorship.",OTHER AGENCY,,,http://www.census.gov/govs/local/,3,UNESCO
11,"Target   11.5        By 2030, significantly reduce the number of deaths and the number of people affected and substantially decrease the direct economic losses relative to global gross domestic product caused by disasters, including water-related disasters, with a focus on protecting the poor and people in vulnerable situations",11.5.1,"11.5.1* Number of deaths, missing people, injured, relocated or evacuated due to disasters per 100,000 people",SIMILAR,,CENSUS,,2,UNISDR
11,,11.5.2,"Direct disaster economic loss in reduction to global GDP, including disaster damager to critical infastructure and disruption of basic services",,,,,2,UNISDR
11,"Target   11.6          By 2030, reduce the adverse per capita environmental impact of cities, including by paying special attention to air quality and municipal and other waste management",11.6.1,11.6.1 Percentage of urban solid waste regularly collected and with adequate final discharge with regard to the total waste generated by the city,SIMILAR,,EPA,,2,UNHABITAT
11,,11.6.2,11.6.2 Annual mean levels of fine particulate matter (e.g. PM2.5 and PM10) in cities (population weighted),SIMILAR,,EPA,,1,WHO
11,"Target   11.7         By 2030, provide universal access to safe, inclusive and accessible, green and public spaces, in particular for women and children, older persons and persons with disabilities",11.7.1,"11.7.1 The average share of the built-up area of cities that is open space for public use for all, disaggregated by age group, sex and persons with disabilities",SIMILAR,,,,2,UNHABITAT
11,,11.7.2,"11.7.2. Proportion of persons victim of physical or sexual harassment by sex, age, disability status and place of occurrence (last 12 months)",OTHER AGENCY,,,,2,UNOCD
11,"Target   11.a         Support positive economic, social and environmental links between urban, peri-urban and rural areas by strengthening national and regional development planning",11.a.1,"Proportion of population living in cities that implement urban and regional development plans integrating population projections and resource needs, by size of cit",YES,,CENSUS,,3,UNHABITAT
11,"Target   11.b        By 2020, substantially increase the number of cities and human settlements adopting and implementing integrated policies and plans towards inclusion, resource efficiency, mitigation and adaptation to climate change, resilience to disasters, and develop and implement, in line with the Sendai Framework for Disaster Risk Reduction 2015-2030, holistic disaster risk management at all levels",11.b.1,"11.b.1* Percentage of cities that are implementing risk reduction and resilience strategies aligned with accepted international frameworks (such as the successor to the Hyogo Framework for Action 2005-2015 on disaster risk reduction) that include vulnerable and marginalized groups in their design, implementation and monitoring",OTHER AGENCY,,,,3,UNISDR
11,"Target   11.c        Support least developed countries, including through financial and technical assistance, in building sustainable and resilient buildings utilizing local materials",11.c.1,"11.c.1 Percentage of financial support for LDCs that is allocated to the construction and retrofitting of sustainable, resilient and resource-efficient buildings utilizing local materials.",OTHER AGENCY,,,,3,UNHABITAT
12,"Target   12.1        Implement the 10-year framework of programmes on sustainable consumption and production, all countries taking action, with developed countries taking the lead, taking into account the development and capabilities of developing countries",12.1.1,12.1.1 Number of countries with sustainable consumption and production (SCP) national action plans or SCP mainstreamed as a priority or target into national policies,unknown,,,,,UNEP
12,"Target   12.2        By 2030, achieve the sustainable management and efficient use of natural resources",12.2.1,12.2.1 a) DMC (domestic material consumption) and DMC per capita.; and b) MF (material footprint) and MF per capita     (UNEP),unknown,,,,2,UNEP
12,,12.2.2,"Domestic material consumption, domestic material consumption per capita, and domestic material consumption per GDP",,,,,2,UNEP
12,"Target   12.3        By 2030, halve per capita global food waste at the retail and consumer levels and reduce food losses along production and supply chains, including post-harvest losses",12.3.1,12.3.1 Global food loss index,SIMILAR,,Dept of Ag; ERS,,3,FAO
12,"Target   12.4        By 2020, achieve the environmentally sound management of chemicals and all wastes throughout their life cycle, in accordance with agreed international frameworks, and significantly reduce their release to air, water and soil in order to minimize their adverse impacts on human health and the environment",12.4.1,12.4.1 Number of parties to international multilateral environmental agreements on hazardous and other chemicals and waste that meet their commitments and obligations in transmitting information as required by each relevant agreement,OTHER AGENCY,,EPA,,1,UNEP
12,Additional,12.4.2,"Hazardous waste generated per capita, proportion of hazardous waste treated and by type of treatment",unknown,,,,2,UNSD
12,"Target   12.5       By 2030, substantially reduce waste generation through prevention, reduction, recycling and reuse",12.5.1,"12.5.1 National recycling rate, tons of material recycled",SIMILAR,,EPA,,3,UNSD
12,"Target   12.6        Encourage companies, especially large and transnational companies, to adopt sustainable practices and to integrate sustainability information into their reporting cycle",12.6.1,12.6.1 Number of companies publishing sustainability reports,unknown,,,,3,UNEP
12,"Target   12.7        Promote public procurement practices that are sustainable, in accordance with national policies and priorities",12.7.1,12.7.1 Number of countries implementing sustainable public procurement policies and action plans,unknown,,,,3,UNEP
12,"Target   12.8        By 2030, ensure that people everywhere have the relevant information and awareness for sustainable development and lifestyles in harmony with nature",12.8.1,"12.8.1. Extent to which (i) global citzenship education and (ii) education for sustainable development (including climate change education) are mainstreamed in  (a) national education policies (b) curricula (c) teacher education and (d) student assessment.""",unknown,,,,3,UNESCO
12,Target   12.a        Support developing countries to strengthen their scientific and technological capacity to move towards more sustainable patterns of consumption and production,12.a.1,"12.a.1: ""Amount of support to developing countries on R&D for SCP/environmental sound technologies""",unknown,,,,3,UNEP
12,Target   12.b        Develop and implement tools to monitor sustainable development impacts for sustainable tourism that creates jobs and promotes local culture and products,12.b.1,"12.b.1 Number of sustainable tourism strategies or policies, and implemented action plans, with agreed monitoring, and evaluation tools.",unknown,,,,3,UNWTO
12,"Target   12.c        Rationalize inefficient fossil-fuel subsidies that encourage wasteful consumption by removing market distortions, in accordance with national circumstances, including by restructuring taxation and phasing out those harmful subsidies, where they exist, to reflect their environmental impacts, taking fully into account the specific needs and conditions of developing countries and minimizing the possible adverse impacts on their development in a manner that protects the poor and the affected communities",12.c.1,12.c.1 Amount of fossil-fuel subsidies per unit of GDP (production and consumption) and as a proportion of total national expenditure on fossil fuels,OTHER AGENCY,,,,3,UNEP
13,,13.1.1,13.1.1 Number of countries with national and local disaster risk reduction strategies,,,,,2,UNISDR
13,Target   13.1        Strengthen resilience and adaptive capacity to climate-related hazards and natural disasters in all countries,13.1.2,"13.1.2* Number of deaths, missing people, injured, relocated or evacuated due to disasters per 100,000 people",OTHER AGENCY,,,,2,UNISDR
13,"Target   13.2        Integrate climate change measures into national policies, strategies and planning",13.2.1,"13.2.1 Number of countries that have communicated the establishment or operationalization of integrated policy/strategy/plan which increases their ability to adapt to the adverse impacts of climate changes, and foster climate resilience and low greenhouse gas emissions development in a manner that does not threaten food production (including a national adaptation plan, nationally determined contribution, national communicaiton, biennial update report or other).",OTHER AGENCY,,,,3,UNFCCC
13,"Target   13.3        Improve education, awareness-raising and human and institutional capacity on climate change mitigation, adaptation, impact reduction and early warning",13.3.1,"13.3.1 Number of countries that have communicated the strengthening of institutional, systemic and indvidual capacity building to implement adaptation, mitigation, and technology transfer, and development actions.",OTHER AGENCY,,,,3,UNESCO
13,,13.3.2,"13.3.2 Number of countries that have communicated the stregthening of institutional, systemic and individual capacity-building to implement adoption, mititgation, and technology transfer and development actions",,,,,3,UNFCCC
13,Target   13.a       Implement the commitment undertaken by developed-country parties to the United Nations Framework Convention on Climate Change to a goal of mobilizing jointly $100 billion annually by 2020 from all sources to address the needs of developing countries in the context of meaningful mitigation actions and transparency on implementation and fully operationalize the Green Climate Fund through its capitalization as soon as possible,13.a.1,13.a.1 Mobilized amount of United States dollars per year starting in 2020 accountable towards the $100 billion commitment,YES,,State Department; CENSUS,,3,OECD
13,"Target   13.b        Promote mechanisms for raising capacity for effective climate change-related planning and management in least developed countries and small island developing States, including focusing on women, youth and local and marginalized communities",13.b.1,"13.b.1 Number of least developed countries and small island developing States that are receiving specialized support, and amount of support, for mechanisms for raising capacities for effective climate change-related planning and management, including focusing on women, youth, local and marginalized communities",OTHER AGENCY,,,,,WMO
14,"Target   14.1        By 2025, prevent and significantly reduce marine pollution of all kinds, in particular from land-based activities, including marine debris and nutrient pollution",14.1.1,14.1.1 Index of Coastal Eutrophication (ICEP) and Floating Plastic Debris Density.,SIMILAR,,NOAA; EPA,http://science.sciencemag.org/content/347/6223/768; http://www.epa.gov/nutrient-policy-data/waters-assessed-impaired-due-nutrient-related-causes,3,UNEP
14,"Target   14.2        By 2020, sustainably manage and protect marine and coastal ecosystems to avoid significant adverse impacts, including by strengthening their resilience, and take action for their restoration in order to achieve healthy and productive oceans",14.2.1,"14.2.1 Percentage of national Exclusive Economic Zones managed using ecosystem-based approaches""",YES,,NOAA,,3,UNEP
14,"Target   14.3        Minimize and address the impacts of ocean acidification, including through enhanced scientific cooperation at all levels",14.3.1,14.3.1 Average marine acidity (pH) measured at agreed suite of representative sampling stations,YES,,NOAA,https://data.noaa.gov/dataset/ammonia-silicate-phosphate-dissolved-oxygen-and-other-variables-collected-from-profile-and-discf2981,3,UNEP
14,"Target   14.4        By 2020, effectively regulate harvesting and end overfishing, illegal, unreported and unregulated fishing and destructive fishing practices and implement science-based management plans, in order to restore fish stocks in the shortest time feasible, at least to levels that can produce maximum sustainable yield as determined by their biological characteristics",14.4.1,"14.4.1 Proportion of fish stocks within biologically sustainable levels""",YES,Special Information System,NOAA,https://www.st.nmfs.noaa.gov/sisPortal/sisPortalMain.jsp; http://www.nmfs.noaa.gov/sfa/fisheries_eco/status_of_fisheries/status_updates.html; http://www.nmfs.noaa.gov/sfa/fisheries_eco/status_of_fisheries/fssi.html,1,FAO
14,"Target   14.5        By 2020, conserve at least 10 per cent of coastal and marine areas, consistent with national and international law and based on the best available scientific information",14.5.1,14.5.1 Coverage of protected areas in relation to marine areas,YES,,NOAA,http://marineprotectedareas.noaa.gov/dataanalysis/mpainventory/,1,UNEP
14,"Target   14.6        By 2020, prohibit certain forms of fisheries subsidies which contribute to overcapacity and overfishing, eliminate subsidies that contribute to illegal, unreported and unregulated fishing and refrain from introducing new such subsidies, recognizing that appropriate and effective special and differential treatment for developing and least developed countries should be an integral part of the World Trade Organization fisheries subsidies negotiation",14.6.1,"Suggestion to delete 14.6.1 and only keep 14.6.2: 
""Progress by countries in [level/degree of] implementation of international instruments aiming to combat IUU fishing""",YES,,NOAA,,,
14,,14.6.2,14.6.2 Progress by countries in (level/degree) of implementation of international instruments aiming to combat IUU fishing,YES,,NMFS Office of International Affairs and Seafood Inspection; NOAA,,3,FAO
14,"Target   14.7        By 2030, increase the economic benefits to Small Island developing States and least developed countries from the sustainable use of marine resources, including through sustainable management of fisheries, aquaculture and tourism",14.7.1,"14.7.1 ""Sustainable fisheries as a % of GDP in SIDS, LDCs and all countries""",SIMILAR,,NOAA,,3,
14,"Target   14.a        Increase scientific knowledge, develop research capacity and transfer marine technology, taking into account the Intergovernmental Oceanographic Commission Criteria and Guidelines on the Transfer of Marine Technology, in order to improve ocean health and to enhance the contribution of marine biodiversity to the development of developing countries, in particular small island developing States and least developed countries",14.a.1,14.a.1 Budget allocation to research in the field of marine technology as a percentage of total budget for research,SIMILAR,,NOAA,,3,UNEP
14,Target   14.b        Provide access for small-scale artisanal fishers to marine resources and markets,14.b.1,Revised FAO indicator proposal:  ÒProgress by countries (level/degree of) in the application of a legal/regulatory/ policy/institutional framework which recognizes and protects access rights for small-scale fisheriesÓ.,YES,,NMFS; NOAA,,3,FAO
14,"Target   14.c        Enhance the conservation and sustainable use of oceans and their resources by implementing law as reflected in UNCLOS, which provides the legal framework for the conservation and sustainable use of oceans and their resources, as recalled in paragraph 158 of The Future We Want.",14.c.1,"Number of countries making progress in ratifying, accepting and implementing through legal, policy and institutional frameworks, ocean-related instruments that implement international law, as reflected in UNCLOS, for the conservation and sustainable use of the oceans and their resources ",YES,,NMFS Office of International Affairs and Seafood Inspection; NOAA,,3,UN DOALOS
15,"Target   15.1        By 2020, ensure the conservation, restoration and sustainable use of terrestrial and inland freshwater ecosystems and their services, in particular forests, wetlands, mountains and drylands, in line with obligations under international agreements",15.1.1,FAO/UNEP: 15.1.1 Forest area as a percentage of total land area,YES,Census of Agriculture; Forest Inventory and Analysis; United States Land Cover,NASS; WAOB; USFS; DOI (Geological Survey); USAID,http://www.fia.fs.fed.us/; gapanalysis.usgs.gov,1,FAO
,,15.1.2,FAO/UNEP: 15.1.2 Percentage of important sites for terrestrial and fresh water biodiversity that are covered by protected areas (disaggregated by ecosystem type,unknown,,,,1,UNEP
15,"Target   15.2       By 2020, promote the implementation of sustainable management of all types of forests, halt deforestation, restore degraded forests and substantially increase afforestation and reforestation globally.",15.2.1,"YES to delete ""Net permanent forest loss"" Indicator is currently a green indicator and reformulation of 15.2.1 covers this indicator.",YES,,UNFF; USAID,,3,FAO
15,"Target   15.3        By 2030, combat desertification, restore degraded land and soil, including land affected by desertification, drought and floods, and strive to achieve a land degradation-neutral world",15.3.1,15.3.1 Percentage of land that is degraded over total land area,OTHER AGENCY,National Resources Inventory; Protected Areas of the US,WAOB; UNCCD; DOI (Geological Survey),http://www.nrcs.usda.gov/wps/portal/nrcs/main/national/technical/nra/nri/,3,UNCCD
15,"Target   15.4       By 2030, ensure the conservation of mountain ecosystems, including their biodiversity, in order to enhance their capacity to provide benefits that are essential for sustainable development",15.4.1,15.4.1 Coverage by protected areas of important sites for mountain biodiversity,SIMILAR,Protected Areas of the US,DOI GS; CBD,gapanalysis.usgs.gov/padus,1,UNEP
15,,15.4.2,15.4.2 Mountain Green Cover Index,OTHER AGENCY,,CBD,,2,FAO
15,"Target   15.5       Take urgent and significant action to reduce the degradation of natural habitats, halt the loss of biodiversity, and, by 2020, protect and prevent the extinction of threatened species",15.5.1,15.5.1 Red List Index,SIMILAR,,IUCN; GS,,1,IUCIV
15,Target   15.6        Ensure fair and equitable sharing of the benefits arising from the utilization of genetic resources and promote appropriate access to such resources,15.6.1,"15.6.1: Number of countries that have adopted legislative, administrative and policy frameworks to ensure fair and equitable sharing of the benefits""",OTHER AGENCY,,State Department: Bureau of Oceans and International Environment and Scientific Affairs; CBD,,3,UNSD
15,Target   15.7        Take urgent action to end poaching and trafficking of protected species of flora and fauna and address both demand and supply of illegal wildlife products,15.7.1,"YES to delete ""Red List Index for species in trade"" because the other indicator (15.7.2) already covers the target.",unknown,,,,,
15,,15.7.2,15.7.2 Proportion of traded wildlife that was poached or illictly trafficked.,unknown,,"USFWS, Cities",,1,UNODC
15,"Target   15.8        By 2020, introduce measures to prevent the introduction and significantly reduce the impact of invasive alien species on land and water ecosystems and control or eradicate the priority species",15.8.1,15.8.1 Propotion of countries adopting national legislation and adequately resourcing the prevention or control of invasive alien species,OTHER AGENCY,,NISC,,3,UNEP
15,"Target   15.9         By 2020, integrate ecosystem and biodiversity values into national and local planning, development processes, poverty reduction strategies and accounts",15.9.1,15.9.1 Progress toward national targets established in accordance with Aichi Biodiversity Target 2 of the Strategic Plan for Biodiversit 2011-2020.,OTHER AGENCY,,CBD,,3,UNEP
15,Target   15.a        Mobilize and significantly increase financial resources from all sources to conserve and sustainable use biodiversity and ecosystems,15.a.1,15.a.1 Official development assistance and public expenditure on conservation and sustainable use of biodiversity and ecosystems,OTHER AGENCY,,National Resrouces Conservation Service; OECD DAC; USAID,,1/2,OECD
15,"Target   15.b        Mobilize significant resources from all sources and at all levels to finance sustainable forest management and provide adequate incentives to developing countries to advance such management, including for conservation and reforestation",15.b.1,Use indicator 15.a.1 for both 15.a.1 and 15.b.1,OTHER AGENCY,,,,,
15,"Target   15.c        Enhance global support for efforts to combat poaching and trafficking of protected species, including by increasing the capacity of local communities to pursue sustainable livelihood opportunities",15.c.1,Use 15.7.2 for 15.c.1 as well.,unknown,,,,,
16,Target   16.1        Significantly reduce all forms of violence and related death rates everywhere,16.1.1,"16.1.1 Number of victims of intentional homicide per 100,000 population, by age group and sex",YES,"Federal Bureau of Investigation Supplementary Homicide Rates; Center for Disease Control and Prevention National Vital Statistics System, Fatal Injury Reports; National Vital Statistics System",BJS; NCHS,http://www.bjs.gov/index.cfm?ty=pbdetail&iid=5068; https://www.fbi.gov/stats-services/crimestats;,1,UNODC
16,,16.1.2,"16.1.2 Conflict-related deaths per 100,000 population (disaggregated by age group, sex and cause)",SIMILAR,National Vital Statistics System,NCHS,https://www.fbi.gov/stats-services/crimestats,2/3,OHCHR
16,,16.1.3,"16.1.3 Percentage of the population subjected to physical, psychological or sexual violence in the previous 12 months",OTHER AGENCY,National Intimiate Partner and Sexual Violence Survey,CDC,http://www.cdc.gov/violenceprevention/NISVS/index.html; https://www.fbi.gov/stats-services/crimestats,2,UNODC
16,,16.1.4,16.1.4 Proportion of people that feel safe walking alone around the area they live,OTHER AGENCY,,,,2,UNODC
16,"Target   16.2        End abuse, exploitations, trafficking and all forms of violence against and torture of children",16.2.1,16.2.1 Percentage of children aged 1-17 who experienced any physical punishment and/or psychological aggression by caregivers in the past month,OTHER AGENCY,,,,1,UNICEF
16,,16.2.2,"16.2.2 Number of victims of human trafficking per 100,000 population, by sex, age group and form of exploitation",OTHER AGENCY,National Incident-Based Reporting System,FBI,https://www.fbi.gov/about-us/cjis/ucr/ucr-program-data-collections; https://www.fbi.gov/stats-services/crimestats,1,UNODC
16,,16.2.3,"Percentage of young women and men aged 18-29 years who experienced sexual violence by age 18"". No decision needed",OTHER AGENCY,National Intimate Partner and Sexual Violence Survey,CDC,http://www.cdc.gov/violenceprevention/nisvs/index.html,2,UNICEF
16,Target   16.3        Promote the rule of law at the national and international levels and ensure equal access to justice for all,16.3.1,16.3.1 Percentage of victims of violence in the previous 12 months who reported their victimization to competent authorities or other officially recognized conflict resolution mechanisms (also called crime reporting rate),YES,National Crime Victimization Survey,BJS,http://www.bjs.gov/content/pub/pdf/cv14.pdf,2,UNODC
16,,16.3.2,16.3.2 Unsentenced detainees as a percentage of overall prison population,YES,The Annual Survey of Jails and the National Prisoner Statistics,BJS,http://www.bjs.gov/index.cfm?ty=dcdetail&iid=261 &,1,UNODC
16,"Target   16.4        By 2030, significantly reduce illicit financial and arms flows, strengthen the recovery and return of stolen assets and combat all forms of organized crime",16.4.1,16.4.1 Total value of inward and outward illicit financial flows (in current United States dollars).,OTHER AGENCY,,,,3,UNODC IMF
16,,16.4.2,"16.4.2 Percentage of seized small arms and light weapons that are recorded and traced, in accordance with international standards and legal instruments",OTHER AGENCY,,,,2,UNODC
16,,16.4.3,16.4.3 removed,,,,,2,UNODC
16,Target   16.5        Substantially reduce corruption and bribery in all their forms,16.5.1,"16.5.1 (a) Percentage of persons who had at least one contact with a public official and who paid a bribe to a public official, or were asked for a bribe by these public officials, during the last 12 months. (b) Percentage of businesses who had at least one contact with a public official, who paid a bribe to a public official, or were asked for a bribe by these public officials, during the last 12 months.",unknown,,,,2,UNODC
16,,16.5.2,16.5.2 Proportion of businesses that had at least 1 contact with a public official and that paid a bribe to a public official or were asked for a bribe by these public officials during previous 12 months.,,,,,1,WB
16,"Target   16.6        Develop effective, accountable and transparent institutions at all levels",16.6.1,"16.6.1 Primary government expenditures as a percentage of original approved budget, disaggregated by sector (or by budget codes or similar)",unknown,,,,1,WB
16,,16.6.2,16.6.2 Proportion of the population satisfied with their last experience of public services,OTHER AGENCY,,,,3,
16,"Target   16.7        Ensure responsive, inclusive, participatory and representative decision-making at all levels",16.7.1,"16.7.1 Proportions of positions (by age group, sex, persons with disabilities and population groups) in public institutions (national and local legislatures, public service, and judiciary) compared to national distributions",OTHER AGENCY,,,,3,
16,,16.7.2,"16.7.2 Percentage of the population who believe that decision -making is inclusive and responsive, by age, sex, disabilty and population group.",unknown,,,,3,
16,Target   16.8        Broaden and strengthen the participation of developing countries in the institutions of global governance,16.8.1,16.8.1 Percentage of members and voting rights of developing countries in international organizations,OTHER AGENCY,,,,1,
16,"Target   16.9        By 2030, provide legal identity for all, including birth registration",16.9.1,"16.9.1 Percentage of children under 5 whose births have been registered with a civil authority, disaggregated by age",YES,Natl Vital Stats System,NCHS,https://www.census.gov/newsroom/cspan/childbearing/20120817_cspan_childbearing_slides.pdf,1,UNSD
16,"Target   16.10        Ensure public access to information and protect fundamental freedoms, in accordance with national legislation and international agreements",16.10.1,"16.10.1.a Number of verified cases of killing, kidnapping, enforced disappearance, arbitrary detention and torture of journalists, associated media personnel, trade unionists and human rights advocates in the previous 12 months",unknown,,,,3,OHCHR
16,,16.10.2,"Number of countries that adopt and implement constitutional, statutory and/or policy guarantees for public access to information",unknown,,,,2,UNESCO
16,"Target   16.a        Strengthen relevant national institutions, including through international cooperation, for building capacity at all levels, in particular in developing countries, to prevent violence and combat terrorism and crime",16.a.1,"Option B: ""Existence of independent NHRI in compliance with Paris Principles"". ",YES,,BJS,,1,OHCHR
16,Target   16.b        Promote and enforce non-discriminatory laws and policies for sustainable development,16.b.1,"16.b.1 Percentage of the population reporting having personally felt discriminated against or harassed in the previous 12 months on the basis of a ground of discrimination prohibited under international human rights law, disaggregated by age group and sex",OTHER AGENCY,National Crime Victimization Survey,BJS,http://www.bjs.gov/content/pub/pdf/cv14.pdf,3,OHCHR
17,"Target   17.1        Strengthen domestic resource mobilization, including through international support to developing countries, to improve domestic capacity for tax and other revenue collection",17.1.1,17.1.1 Total government revenue (by source) as a percentage of GDP,OTHER AGENCY,,,,1,WB
17,,17.1.2,17.1.2 Proportion of domestic budget funded by domestic taxes,OTHER AGENCY,,,,1,IMF
17,"Target   17.2        Developed countries to implement fully their official development assistance commitments, including the commitment by many developed countries to achieve the target of 0.7 per cent ODA/GNI to developing countries and 0.15 to 0.20 per cent of ODA/GNI to least developed countries; ODA providers are encouraged to consider setting a target to provide at least 0.20 per cent of ODA/GNI to least developed countries.",17.2.1,"17.2.1 Net official development assistance, total and to least developed countries, as a percentage of OECD/Development Assistance Committee donorsÕ gross national income",YES,,STATE,,1,OECD
17,Target   17.3        Mobilize additional financial resources for developing countries from multiple sources,17.3.1,17.3.1 Foreign direct investments (FDI) + ODA + SSC as a percentage of total domestic budget,unknown,,,,1,OECD UNCTAD
17,Additional,17.3.2,17.3.2 Volume of remittances (US$) as a percentage of total GDP,OTHER AGENCY,,,,1,WB
17,"Target   17.4        Assist developing countries in attaining long-term debt sustainability through coordinated policies aimed at fostering debt financing, debt relief and debt restructuring, as appropriate, and address the external debt of highly indebted poor countries to reduce debt distress",17.4.1,17.4.1 Debt service as a percentage of exports of goods and services,OTHER AGENCY,,,,1,WB
17,Target   17.5        Adopt and implement investment promotion regimes for least developed countries,17.5.1,17.5.1 Number of countries that adopt and implement investment promotion regimes for least developed countries,OTHER AGENCY,,,,,UNCTAD
17,"Target   17.6        Enhance North-South, South-South and triangular regional and international cooperation on and access to science, technology and innovation and enhance knowledge sharing on mutually agreed terms, including through improved coordination among existing mechanisms, in particular at the United Nations level, and through a global technology facilitation mechanism.",17.6.1,"17.6.1 Number of science and/or technology cooperation agreements and programmes between countries, by type of cooperation",OTHER AGENCY,,NCSES,,1,UNESCO
17,,17.6.2,"17.6.2 Fixed Internet broadband subscriptions, by speed",SIMILAR,,CENSUS; ERS,,3,ITU
17,"Target   17.7        Promote the development, transfer, dissemination and diffusion of environmentally sound technologies to developing countries on favourable terms, including on concessional and preferential terms, as mutually agreed",17.7.1,"17.7.1 Total amount of approved funding for developing countries to promote the development, transfer, dissemination and diffusion of environmentally sound technologies",OTHER AGENCY,,,,1,OECD
17,"Target   17.8        Fully operationalize the technology bank and science, technology and innovation capacity-building mechanism for least developed countries by 2017 and enhance the use of enabling technology, in particular information and communications technology",17.8.1,17.8.1 Proportion of individuals using the Internet,SIMILAR,,ERS,,1,ITU
17,"Target   17.9        Enhance international support for implementing effective and targeted capacity-building in developing countries to support national plans to implement all the sustainable development goals, including through North-South, South-South and triangular cooperation",17.9.1,"17.9.1 The dollar value of financial and technical assistance, including through North-South, South-South and triangular cooperation) committed to developing countries",YES,,STATE,,1,OECD
17,,17.9.2,17.9.2 removed,,,,,,
17,"Target   17.10        Promote a universal, rules-based, open, non-discriminatory and equitable multilateral trading system under the World Trade Organization, including through the conclusion of negotiations under its Doha Development Agenda",17.10.1,17.10.1 Worldwide weighted tariff-average,OTHER AGENCY,,,,1,WTO
17,"Target   17.11        Significantly increase the exports of developing countries, in particular with a view to doubling the least developed countries' share of global exports by 2020",17.11.1,17.11.1 Developing countriesÕ and least developed countriesÕ share of global exports,SIMILAR,,ERS,,1,WTO
17,"Target   17.12        Realize timely implementation of duty-free and quota-free market access on a lasting basis for all least developed countries, consistent with World Trade Organization decisions, including by ensuring that preferential rules of origin applicable to imports from least developed countries are transparent and simple, and contribute to facilitating market access",17.12.1,"17.12.1 Average tariffs faced by developing countries, least developed countries and small island developing States",SIMILAR,,ERS,,1,WTO
17,"Target   17.13        Enhance global macroeconomic stability, including through policy coordination and policy coherence",17.13.1,"17.13.1: ""Macroeconomic Dashboard""",OTHER AGENCY,,,,,WB
17,Target   17.14        Enhance policy coherence for sustainable development,17.14.1,"17.14.1 Number of countries with mechanisms in place to enhance policy coherence of sustainable development""",OTHER AGENCY,,,,3,UNEP
17,Target   17.15        Respect each country's policy space and leadership to establish and implement policies for poverty eradication and sustainable development,17.15.1,"17.15.1: ""Extent of use of country-owned results frameworks and planning tools by providers of development cooperation""",OTHER AGENCY,,STATE,,2,OECD
17,"Target   17.16        Enhance the global partnership for sustainable development, complemented by multi-stakeholder partnerships that mobilize and share knowledge, expertise, technology and financial resources, to support the achievement of the sustainable development goals in all countries, in particular developing countries",17.16.1,"17.16.1: ""Number of countries reporting progress in multi-stakeholder development effectivess monitoring frameworks that support the achievment of sustainable development goals.",OTHER AGENCY,,,,2,OECD
17,"Target   17.17        Encourage and promote effective public, public-private and civil society partnerships, building on the experience and resourcing strategies of partnerships",17.17.1,17.17.1 Amount of United States dollars committed to public-private and civil society partnerships,YES,,,,3,WB
17,"Target   17.18        By 2020, enhance capacity-building support to developing countries, including for least developed countries and small island developing States, to increase significantly the availability of high-quality, timely and reliable data disaggregated by income, gender, age, race, ethnicity, migratory status, disability, geographic location and other characteristics relevant in national contexts",17.18.1,"17.18.1 Proportion of sustainable development indicators produced at the national level with full disaggregation when relevant to the target, in accordance with the Fundamental Principles of Official Statistics",OTHER AGENCY,,,,3,UNSD
17,"Target   17.18        By 2020, enhance capacity-building support to developing countries, including for least developed countries and small island developing States, to increase significantly the availability of high-quality, timely and reliable data disaggregated by income, gender, age, race, ethnicity, migratory status, disability, geographic location and other characteristics relevant in national contexts",17.18.2,17.18.2 Number of countries that have national statistical legislation that complies with the Fundamental Principles of Official Statistics,unknown,,,,3,UNSD
17,,17.18.3,"17.18.3 Number of countries with a national statistical plan that is fully funded and under implementation, disaggregated by sources of funding.",OTHER AGENCY,,,,1,PARIS21
17,"Target   17.19        By 2030, build on existing initiatives to develop measurements of progress on sustainable development that complement gross domestic product, and support statistical capacity-building in developing countries",17.19.1,17.19.1 Dollar value of all resources made available to strengthen statistical capacity in developing countries,OTHER AGENCY,,,,1,PARIS21
17,,17.19.2,"17.19.2. Proportion of countries that a) have conducted at least one Population and Housing census in the last ten years, and b) have achieved 100 per cent birth registration and 80 per cent death registration.",OTHER AGENCY,,,,1,UNSD
,,,,,,,,,
,,,,,,,,,
,,,,,,,,,
,,,,,,,,,